stimulus,start_time,end_time,positionX,positionY
1,1713357578.8824332,1713357580.9329154,0,0
