stimulus,start_time,end_time,positionX,positionY
1,1713862123.4683883,1713862125.4360213,0,0
