stimulus,start_time,end_time,positionX,positionY
1,1714045525.9309506,1714045527.9358523,0,0
