stimulus,start_time,end_time,positionX,positionY
1,1714045760.9326615,1714045762.9339478,0,0
