stimulus,start_time,end_time,positionX,positionY
1,1713511171.5780163,1713511173.4815264,0,0
