stimulus,start_time,end_time,positionX,positionY
1,1713507403.445083,1713507405.4314306,0,0
