stimulus,start_time,end_time,positionX,positionY
1,1719835865.4374504,1719835867.4348006,0,0
