stimulus,start_time,end_time,positionX,positionY
1,1713358218.8043268,1713358220.904701,0,0
