stimulus,start_time,end_time,positionX,positionY
1,1719835810.9314682,1719835812.9312956,0,0
