stimulus,start_time,end_time,positionX,positionY
1,1714054055.3517685,1714054057.4366727,0,0
