stimulus,start_time,end_time,positionX,positionY
1,1713510874.3816924,1713510876.4315798,0,0
