stimulus,start_time,end_time,positionX,positionY
1,1713859780.339482,1713859782.4313502,0,0
