stimulus,start_time,end_time,positionX,positionY
1,1713511135.4024308,1713511137.4318175,0,0
