stimulus,start_time,end_time,positionX,positionY
1,1714053836.5145645,1714053838.4309134,0,0
