stimulus,start_time,end_time,positionX,positionY
1,1713861827.3371692,1713861829.434117,0,0
