stimulus,start_time,end_time,positionX,positionY
1,1713860099.9311101,1713860101.9308105,0,0
